﻿<?xml version="1.0" encoding="utf-8" ?>
<Advertisements>
	<Ad>
		<ImageUrl>~/img/1.png</ImageUrl>
		<Width>200</Width>
		<Height>100</Height>
		<NavigateUrl>https://store.acer.com/en-in</NavigateUrl>
		<AlternateText>Ad1</AlternateText>
		<Impression>50</Impression>
		<Keyword>Bikes</Keyword>
	</Ad>
	<Ad>
		<ImageUrl>~/img/2.png</ImageUrl>
		<Width>200</Width>
		<Height>100</Height>
		<NavigateUrl>https://www.hp.com/in-en</NavigateUrl>
		<AlternateText>Ad2</AlternateText>
		<Impression>50</Impression>
		<Keyword>Bikes</Keyword>
	</Ad>
	<Ad>
		<ImageUrl>~/img/3.png</ImageUrl>
		<Width>200</Width>
		<Height>100</Height>
		<NavigateUrl>https://www.hp.com</NavigateUrl>
		<AlternateText>Ad3</AlternateText>
		<Impression>50</Impression>
		<Keyword>Cars</Keyword>
	</Ad>
	<Ad>
		<ImageUrl>~/img/4.png</ImageUrl>
		<Width>200</Width>
		<Height>100</Height>
		<NavigateUrl>https://www.marutisuzuki.com</NavigateUrl>
		<AlternateText>Ad4</AlternateText>
		<Impression>50</Impression>
		<Keyword>Cars</Keyword>
	</Ad>
</Advertisements>